event,hitID,layer,phi,tbin,zelem,x,y,z,adc,label
1.0,65665.0,7.0,2.8615513,129.0,0.0,-30.27131,8.706002,54.899513,13.0,noise
1.0,65666.0,7.0,2.8615513,130.0,0.0,-30.27131,8.706002,55.32292,15.0,noise
1.0,131200.0,7.0,2.856244,128.0,0.0,-30.22468,8.866534,54.476105,17.0,noise
1.0,131201.0,7.0,2.856244,129.0,0.0,-30.22468,8.866534,54.899513,34.0,noise
1.0,131202.0,7.0,2.856244,130.0,0.0,-30.22468,8.866534,55.32292,14.0,noise
1.0,196735.0,7.0,2.8509367,127.0,0.0,-30.177195,9.026824,54.052696,13.0,noise
1.0,196736.0,7.0,2.8509367,128.0,0.0,-30.177195,9.026824,54.476105,27.0,noise
1.0,2752615.0,7.0,2.639802,103.0,1.0,-27.615324,15.150592,58.994076,39.0,signal
1.0,2752616.0,7.0,2.639802,104.0,1.0,-27.615324,15.150592,58.570667,135.0,signal
1.0,2752617.0,7.0,2.639802,105.0,1.0,-27.615324,15.150592,58.14726,68.0,signal
1.0,2818151.0,7.0,2.6344948,103.0,1.0,-27.53453,15.296938,58.994076,42.0,signal
1.0,2818152.0,7.0,2.6344948,104.0,1.0,-27.53453,15.296938,58.570667,177.0,signal
1.0,2818153.0,7.0,2.6344948,105.0,1.0,-27.53453,15.296938,58.14726,130.0,signal
1.0,2818154.0,7.0,2.6344948,106.0,1.0,-27.53453,15.296938,57.72385,29.0,signal
1.0,2883688.0,7.0,2.6291873,104.0,1.0,-27.452955,15.44286,58.570667,14.0,signal
1.0,3211361.0,7.0,2.602651,97.0,1.0,-27.033539,16.165842,61.534515,12.0,signal
1.0,3211362.0,7.0,2.602651,98.0,1.0,-27.033539,16.165842,61.11111,11.0,signal
1.0,3211363.0,7.0,2.602651,99.0,1.0,-27.033539,16.165842,60.687702,12.0,signal
1.0,3276897.0,7.0,2.5973437,97.0,1.0,-26.947363,16.309086,61.534515,17.0,signal
1.0,3276898.0,7.0,2.5973437,98.0,1.0,-26.947363,16.309086,61.11111,23.0,signal
1.0,3276899.0,7.0,2.5973437,99.0,1.0,-26.947363,16.309086,60.687702,13.0,signal
1.0,3342432.0,7.0,2.5920362,96.0,1.0,-26.860426,16.451878,61.95792,43.0,signal
1.0,3342433.0,7.0,2.5920362,97.0,1.0,-26.860426,16.451878,61.534515,43.0,signal
1.0,3407967.0,7.0,2.586729,95.0,1.0,-26.772734,16.594198,62.38133,31.0,signal
1.0,3407968.0,7.0,2.586729,96.0,1.0,-26.772734,16.594198,61.95792,52.0,signal
1.0,3407969.0,7.0,2.586729,97.0,1.0,-26.772734,16.594198,61.534515,21.0,signal
1.0,3473502.0,7.0,2.5814216,94.0,1.0,-26.684284,16.73606,62.804737,14.0,signal
1.0,3473503.0,7.0,2.5814216,95.0,1.0,-26.684284,16.73606,62.38133,26.0,signal
1.0,3539038.0,7.0,2.5761144,94.0,1.0,-26.595087,16.87744,62.804737,27.0,signal
1.0,3539039.0,7.0,2.5761144,95.0,1.0,-26.595087,16.87744,62.38133,28.0,signal
1.0,3604574.0,7.0,2.570807,94.0,1.0,-26.505136,17.018354,62.804737,18.0,signal
1.0,5505090.0,7.0,2.4168954,66.0,1.0,-23.582827,20.880539,74.66013,46.0,noise
1.0,5505091.0,7.0,2.4168954,67.0,1.0,-23.582827,20.880539,74.236725,55.0,noise
1.0,5570626.0,7.0,2.4115882,66.0,1.0,-23.471678,21.005405,74.66013,42.0,noise
1.0,5570627.0,7.0,2.4115882,67.0,1.0,-23.471678,21.005405,74.236725,96.0,noise
1.0,5570628.0,7.0,2.4115882,68.0,1.0,-23.471678,21.005405,73.813324,31.0,noise
1.0,5636163.0,7.0,2.4062808,67.0,1.0,-23.359863,21.129683,74.236725,59.0,noise
1.0,5636164.0,7.0,2.4062808,68.0,1.0,-23.359863,21.129683,73.813324,27.0,noise
1.0,5832814.0,7.0,2.390359,110.0,1.0,-23.020493,21.49892,56.030224,39.0,noise
1.0,5832815.0,7.0,2.390359,111.0,1.0,-23.020493,21.49892,55.606815,75.0,noise
1.0,5832816.0,7.0,2.390359,112.0,1.0,-23.020493,21.49892,55.18341,50.0,noise
1.0,5898350.0,7.0,2.3850517,110.0,1.0,-22.90607,21.62079,56.030224,33.0,noise
1.0,5898351.0,7.0,2.3850517,111.0,1.0,-22.90607,21.62079,55.606815,136.0,noise
1.0,5898352.0,7.0,2.3850517,112.0,1.0,-22.90607,21.62079,55.18341,147.0,noise
1.0,5898353.0,7.0,2.3850517,113.0,1.0,-22.90607,21.62079,54.760002,38.0,noise
1.0,6029384.0,7.0,2.374437,72.0,1.0,-22.675287,21.862707,72.11969,21.0,noise
1.0,6029385.0,7.0,2.374437,73.0,1.0,-22.675287,21.862707,71.69629,21.0,noise
1.0,6094920.0,7.0,2.3691297,72.0,1.0,-22.558933,21.982746,72.11969,12.0,noise
1.0,6488189.0,7.0,2.3167233,125.0,0.0,-21.376455,23.134256,53.205887,17.0,signal
1.0,6553724.0,7.0,2.3114161,124.0,0.0,-21.253376,23.24738,52.78248,45.0,signal
1.0,6553725.0,7.0,2.3114161,125.0,0.0,-21.253376,23.24738,53.205887,133.0,signal
1.0,6553726.0,7.0,2.3114161,126.0,0.0,-21.253376,23.24738,53.62929,90.0,signal
1.0,6553727.0,7.0,2.3114161,127.0,0.0,-21.253376,23.24738,54.052696,20.0,signal
1.0,6619261.0,7.0,2.3061087,125.0,0.0,-21.129694,23.359854,53.205887,40.0,signal
1.0,6619262.0,7.0,2.3061087,126.0,0.0,-21.129694,23.359854,53.62929,60.0,signal
1.0,6619263.0,7.0,2.3061087,127.0,0.0,-21.129694,23.359854,54.052696,25.0,signal
1.0,7077909.0,7.0,2.2689576,21.0,0.0,-20.247469,24.128544,9.17155,23.0,signal
1.0,7077910.0,7.0,2.2689576,22.0,0.0,-20.247469,24.128544,9.594956,34.0,signal
1.0,7143445.0,7.0,2.2636504,21.0,0.0,-20.11913,24.235662,9.17155,52.0,signal
1.0,7143446.0,7.0,2.2636504,22.0,0.0,-20.11913,24.235662,9.594956,89.0,signal
1.0,7143447.0,7.0,2.2636504,23.0,0.0,-20.11913,24.235662,10.018363,21.0,signal
1.0,24248446.0,7.0,0.82486993,126.0,1.0,21.376442,23.13427,49.25571,24.0,signal
1.0,31522834.0,7.0,0.1904845,18.0,0.0,30.928637,5.963731,7.901328,15.0,signal
1.0,38797384.0,7.0,-0.42333835,71.0,0.0,28.717766,-12.939728,30.341904,26.0,signal
1.0,38797384.0,7.0,-0.42333835,72.0,0.0,28.717766,-12.939728,30.765308,23.0,signal
1.0,38862920.0,7.0,-0.42864564,71.0,0.0,28.648687,-13.091957,30.341904,145.0,signal
1.0,38862920.0,7.0,-0.42864564,72.0,0.0,28.648687,-13.091957,30.765308,246.0,signal
1.0,38862920.0,7.0,-0.42864564,73.0,0.0,28.648687,-13.091957,31.188715,63.0,signal
1.0,38862920.0,7.0,-0.42864564,74.0,0.0,28.648687,-13.091957,31.612123,13.0,signal
1.0,38928456.0,7.0,-0.43395296,71.0,0.0,28.578802,-13.24382,30.341904,94.0,signal
1.0,38928456.0,7.0,-0.43395296,72.0,0.0,28.578802,-13.24382,30.765308,242.0,signal
1.0,38928456.0,7.0,-0.43395296,73.0,0.0,28.578802,-13.24382,31.188715,108.0,signal
1.0,38928456.0,7.0,-0.43395296,74.0,0.0,28.578802,-13.24382,31.612123,82.0,signal
1.0,38928460.0,7.0,-0.43395296,75.0,0.0,28.578802,-13.24382,32.03553,30.0,signal
1.0,38993990.0,7.0,-0.43926024,71.0,0.0,28.50811,-13.395309,30.341904,26.0,signal
1.0,38993990.0,7.0,-0.43926024,72.0,0.0,28.50811,-13.395309,30.765308,60.0,signal
1.0,38993990.0,7.0,-0.43926024,73.0,0.0,28.50811,-13.395309,31.188715,18.0,signal
1.0,40697870.0,7.0,-0.57725,16.0,0.0,26.394571,-17.189335,7.054514,120.0,signal
1.0,40697870.0,7.0,-0.57725,17.0,0.0,26.394571,-17.189335,7.4779215,126.0,signal
1.0,40697870.0,7.0,-0.57725,18.0,0.0,26.394571,-17.189335,7.901328,57.0,signal
1.0,40697876.0,7.0,-0.57725,19.0,0.0,26.394571,-17.189335,8.324736,58.0,signal
1.0,40697876.0,7.0,-0.57725,20.0,0.0,26.394571,-17.189335,8.748142,103.0,signal
1.0,40697876.0,7.0,-0.57725,21.0,0.0,26.394571,-17.189335,9.17155,249.0,signal
1.0,40697880.0,7.0,-0.57725,22.0,0.0,26.394571,-17.189335,9.594956,230.0,signal
1.0,40697880.0,7.0,-0.57725,23.0,0.0,26.394571,-17.189335,10.018363,56.0,signal
1.0,40763410.0,7.0,-0.5825573,15.0,0.0,26.30297,-17.329176,6.631107,225.0,signal
1.0,40763410.0,7.0,-0.5825573,16.0,0.0,26.30297,-17.329176,7.054514,953.0,signal
1.0,40763410.0,7.0,-0.5825573,17.0,0.0,26.30297,-17.329176,7.4779215,952.0,signal
1.0,40763410.0,7.0,-0.5825573,18.0,0.0,26.30297,-17.329176,7.901328,952.0,signal
1.0,40763412.0,7.0,-0.5825573,19.0,0.0,26.30297,-17.329176,8.324736,952.0,signal
1.0,40763412.0,7.0,-0.5825573,20.0,0.0,26.30297,-17.329176,8.748142,466.0,signal
1.0,40763412.0,7.0,-0.5825573,21.0,0.0,26.30297,-17.329176,9.17155,281.0,signal
1.0,40763416.0,7.0,-0.5825573,22.0,0.0,26.30297,-17.329176,9.594956,212.0,signal
1.0,40763416.0,7.0,-0.5825573,23.0,0.0,26.30297,-17.329176,10.018363,81.0,signal
1.0,40763416.0,7.0,-0.5825573,24.0,0.0,26.30297,-17.329176,10.441771,40.0,signal
1.0,40763416.0,7.0,-0.5825573,25.0,0.0,26.30297,-17.329176,10.865178,34.0,signal
1.0,40763416.0,7.0,-0.5825573,26.0,0.0,26.30297,-17.329176,11.288585,33.0,signal
1.0,40763420.0,7.0,-0.5825573,27.0,0.0,26.30297,-17.329176,11.711991,32.0,signal
1.0,40763420.0,7.0,-0.5825573,28.0,0.0,26.30297,-17.329176,12.135399,33.0,signal
1.0,40763420.0,7.0,-0.5825573,29.0,0.0,26.30297,-17.329176,12.558805,32.0,signal
1.0,40763424.0,7.0,-0.5825573,30.0,0.0,26.30297,-17.329176,12.982213,32.0,signal
1.0,40763424.0,7.0,-0.5825573,31.0,0.0,26.30297,-17.329176,13.405621,32.0,signal
1.0,40763424.0,7.0,-0.5825573,32.0,0.0,26.30297,-17.329176,13.829027,31.0,signal
1.0,40763424.0,7.0,-0.5825573,33.0,0.0,26.30297,-17.329176,14.252434,30.0,signal
1.0,40763424.0,7.0,-0.5825573,34.0,0.0,26.30297,-17.329176,14.675841,30.0,signal
1.0,40763428.0,7.0,-0.5825573,35.0,0.0,26.30297,-17.329176,15.099248,31.0,signal
1.0,40763428.0,7.0,-0.5825573,36.0,0.0,26.30297,-17.329176,15.5226555,29.0,signal
1.0,40763428.0,7.0,-0.5825573,37.0,0.0,26.30297,-17.329176,15.946062,27.0,signal
1.0,40763430.0,7.0,-0.5825573,38.0,0.0,26.30297,-17.329176,16.369469,28.0,signal
1.0,40763430.0,7.0,-0.5825573,39.0,0.0,26.30297,-17.329176,16.792877,28.0,signal
1.0,40763430.0,7.0,-0.5825573,40.0,0.0,26.30297,-17.329176,17.216284,30.0,signal
1.0,40763430.0,7.0,-0.5825573,41.0,0.0,26.30297,-17.329176,17.63969,29.0,signal
1.0,40763430.0,7.0,-0.5825573,42.0,0.0,26.30297,-17.329176,18.063099,27.0,signal
1.0,40763436.0,7.0,-0.5825573,43.0,0.0,26.30297,-17.329176,18.486504,28.0,signal
1.0,40763436.0,7.0,-0.5825573,44.0,0.0,26.30297,-17.329176,18.909912,28.0,signal
1.0,40763436.0,7.0,-0.5825573,45.0,0.0,26.30297,-17.329176,19.33332,26.0,signal
1.0,40763440.0,7.0,-0.5825573,46.0,0.0,26.30297,-17.329176,19.756725,26.0,noise
1.0,40763440.0,7.0,-0.5825573,47.0,0.0,26.30297,-17.329176,20.180134,27.0,signal
1.0,40763440.0,7.0,-0.5825573,48.0,0.0,26.30297,-17.329176,20.60354,27.0,signal
1.0,40763440.0,7.0,-0.5825573,49.0,0.0,26.30297,-17.329176,21.026947,26.0,signal
1.0,40763440.0,7.0,-0.5825573,50.0,0.0,26.30297,-17.329176,21.450354,26.0,signal
1.0,40763444.0,7.0,-0.5825573,51.0,0.0,26.30297,-17.329176,21.87376,25.0,signal
1.0,40763444.0,7.0,-0.5825573,52.0,0.0,26.30297,-17.329176,22.297169,25.0,signal
1.0,40763444.0,7.0,-0.5825573,53.0,0.0,26.30297,-17.329176,22.720575,25.0,signal
1.0,40763450.0,7.0,-0.5825573,54.0,0.0,26.30297,-17.329176,23.143982,23.0,signal
1.0,40763450.0,7.0,-0.5825573,55.0,0.0,26.30297,-17.329176,23.567389,23.0,signal
1.0,40763450.0,7.0,-0.5825573,56.0,0.0,26.30297,-17.329176,23.990797,24.0,signal
1.0,40763450.0,7.0,-0.5825573,57.0,0.0,26.30297,-17.329176,24.414204,24.0,signal
1.0,40763450.0,7.0,-0.5825573,58.0,0.0,26.30297,-17.329176,24.83761,22.0,signal
1.0,40763452.0,7.0,-0.5825573,59.0,0.0,26.30297,-17.329176,25.261019,23.0,signal
1.0,40763452.0,7.0,-0.5825573,60.0,0.0,26.30297,-17.329176,25.684423,22.0,signal
1.0,40763452.0,7.0,-0.5825573,61.0,0.0,26.30297,-17.329176,26.107832,21.0,signal
1.0,40763456.0,7.0,-0.5825573,62.0,0.0,26.30297,-17.329176,26.531239,21.0,signal
1.0,40763456.0,7.0,-0.5825573,63.0,0.0,26.30297,-17.329176,26.954645,23.0,signal
1.0,40763456.0,7.0,-0.5825573,64.0,0.0,26.30297,-17.329176,27.378054,21.0,signal
1.0,40763456.0,7.0,-0.5825573,65.0,0.0,26.30297,-17.329176,27.80146,20.0,signal
1.0,40763456.0,7.0,-0.5825573,66.0,0.0,26.30297,-17.329176,28.224867,20.0,signal
1.0,40763460.0,7.0,-0.5825573,67.0,0.0,26.30297,-17.329176,28.648273,20.0,signal
1.0,40763460.0,7.0,-0.5825573,68.0,0.0,26.30297,-17.329176,29.071682,20.0,signal
1.0,40763460.0,7.0,-0.5825573,69.0,0.0,26.30297,-17.329176,29.495089,20.0,signal
1.0,40763464.0,7.0,-0.5825573,70.0,0.0,26.30297,-17.329176,29.918495,19.0,signal
1.0,40763464.0,7.0,-0.5825573,71.0,0.0,26.30297,-17.329176,30.341904,19.0,signal
1.0,40763464.0,7.0,-0.5825573,72.0,0.0,26.30297,-17.329176,30.765308,19.0,signal
1.0,40763464.0,7.0,-0.5825573,73.0,0.0,26.30297,-17.329176,31.188715,18.0,signal
1.0,40763464.0,7.0,-0.5825573,74.0,0.0,26.30297,-17.329176,31.612123,18.0,signal
1.0,40763468.0,7.0,-0.5825573,75.0,0.0,26.30297,-17.329176,32.03553,16.0,signal
1.0,40763468.0,7.0,-0.5825573,76.0,0.0,26.30297,-17.329176,32.45894,18.0,signal
1.0,40763468.0,7.0,-0.5825573,77.0,0.0,26.30297,-17.329176,32.882347,17.0,signal
1.0,40763470.0,7.0,-0.5825573,78.0,0.0,26.30297,-17.329176,33.30575,17.0,signal
1.0,40763470.0,7.0,-0.5825573,79.0,0.0,26.30297,-17.329176,33.729156,16.0,signal
1.0,40763470.0,7.0,-0.5825573,80.0,0.0,26.30297,-17.329176,34.152565,16.0,signal
1.0,40763470.0,7.0,-0.5825573,81.0,0.0,26.30297,-17.329176,34.575974,15.0,signal
1.0,40763470.0,7.0,-0.5825573,82.0,0.0,26.30297,-17.329176,34.999382,15.0,signal
1.0,40763476.0,7.0,-0.5825573,83.0,0.0,26.30297,-17.329176,35.422787,16.0,signal
1.0,40763476.0,7.0,-0.5825573,84.0,0.0,26.30297,-17.329176,35.846195,14.0,signal
1.0,40763476.0,7.0,-0.5825573,85.0,0.0,26.30297,-17.329176,36.2696,13.0,signal
1.0,40763480.0,7.0,-0.5825573,86.0,0.0,26.30297,-17.329176,36.69301,14.0,signal
1.0,40763480.0,7.0,-0.5825573,87.0,0.0,26.30297,-17.329176,37.116417,14.0,signal
1.0,40763480.0,7.0,-0.5825573,88.0,0.0,26.30297,-17.329176,37.53982,14.0,signal
1.0,40763480.0,7.0,-0.5825573,89.0,0.0,26.30297,-17.329176,37.96323,12.0,signal
1.0,40763480.0,7.0,-0.5825573,90.0,0.0,26.30297,-17.329176,38.38664,13.0,signal
1.0,40763484.0,7.0,-0.5825573,91.0,0.0,26.30297,-17.329176,38.810043,13.0,signal
1.0,40763484.0,7.0,-0.5825573,92.0,0.0,26.30297,-17.329176,39.23345,14.0,signal
1.0,40763484.0,7.0,-0.5825573,93.0,0.0,26.30297,-17.329176,39.656857,12.0,signal
1.0,40763490.0,7.0,-0.5825573,94.0,0.0,26.30297,-17.329176,40.080265,11.0,signal
1.0,40763490.0,7.0,-0.5825573,95.0,0.0,26.30297,-17.329176,40.503674,12.0,signal
1.0,40763490.0,7.0,-0.5825573,96.0,0.0,26.30297,-17.329176,40.927082,11.0,signal
1.0,40763490.0,7.0,-0.5825573,97.0,0.0,26.30297,-17.329176,41.350487,11.0,signal
1.0,40828944.0,7.0,-0.5878646,15.0,0.0,26.21063,-17.468529,6.631107,306.0,signal
1.0,40828944.0,7.0,-0.5878646,16.0,0.0,26.21063,-17.468529,7.054514,949.0,signal
1.0,40828944.0,7.0,-0.5878646,17.0,0.0,26.21063,-17.468529,7.4779215,949.0,signal
1.0,40828944.0,7.0,-0.5878646,18.0,0.0,26.21063,-17.468529,7.901328,949.0,signal
1.0,40828948.0,7.0,-0.5878646,19.0,0.0,26.21063,-17.468529,8.324736,949.0,signal
1.0,40828948.0,7.0,-0.5878646,20.0,0.0,26.21063,-17.468529,8.748142,522.0,signal
1.0,40828948.0,7.0,-0.5878646,21.0,0.0,26.21063,-17.468529,9.17155,187.0,signal
1.0,40828950.0,7.0,-0.5878646,22.0,0.0,26.21063,-17.468529,9.594956,123.0,signal
1.0,40828950.0,7.0,-0.5878646,23.0,0.0,26.21063,-17.468529,10.018363,60.0,signal
1.0,40828950.0,7.0,-0.5878646,24.0,0.0,26.21063,-17.468529,10.441771,36.0,signal
1.0,40828950.0,7.0,-0.5878646,25.0,0.0,26.21063,-17.468529,10.865178,33.0,signal
1.0,40828950.0,7.0,-0.5878646,26.0,0.0,26.21063,-17.468529,11.288585,32.0,noise
1.0,40828956.0,7.0,-0.5878646,27.0,0.0,26.21063,-17.468529,11.711991,32.0,signal
1.0,40828956.0,7.0,-0.5878646,28.0,0.0,26.21063,-17.468529,12.135399,32.0,signal
1.0,40828956.0,7.0,-0.5878646,29.0,0.0,26.21063,-17.468529,12.558805,30.0,signal
1.0,40828960.0,7.0,-0.5878646,30.0,0.0,26.21063,-17.468529,12.982213,31.0,signal
1.0,40828960.0,7.0,-0.5878646,31.0,0.0,26.21063,-17.468529,13.405621,31.0,signal
1.0,40828960.0,7.0,-0.5878646,32.0,0.0,26.21063,-17.468529,13.829027,30.0,signal
1.0,40828960.0,7.0,-0.5878646,33.0,0.0,26.21063,-17.468529,14.252434,30.0,signal
1.0,40828960.0,7.0,-0.5878646,34.0,0.0,26.21063,-17.468529,14.675841,30.0,signal
1.0,40828964.0,7.0,-0.5878646,35.0,0.0,26.21063,-17.468529,15.099248,30.0,signal
1.0,40828964.0,7.0,-0.5878646,36.0,0.0,26.21063,-17.468529,15.5226555,29.0,signal
1.0,40828964.0,7.0,-0.5878646,37.0,0.0,26.21063,-17.468529,15.946062,28.0,signal
1.0,40828970.0,7.0,-0.5878646,38.0,0.0,26.21063,-17.468529,16.369469,30.0,noise
1.0,40828970.0,7.0,-0.5878646,39.0,0.0,26.21063,-17.468529,16.792877,28.0,signal
1.0,40828970.0,7.0,-0.5878646,40.0,0.0,26.21063,-17.468529,17.216284,29.0,signal
1.0,40828970.0,7.0,-0.5878646,41.0,0.0,26.21063,-17.468529,17.63969,28.0,signal
1.0,40828970.0,7.0,-0.5878646,42.0,0.0,26.21063,-17.468529,18.063099,27.0,signal
1.0,40828972.0,7.0,-0.5878646,43.0,0.0,26.21063,-17.468529,18.486504,27.0,signal
1.0,40828972.0,7.0,-0.5878646,44.0,0.0,26.21063,-17.468529,18.909912,26.0,signal
1.0,40828972.0,7.0,-0.5878646,45.0,0.0,26.21063,-17.468529,19.33332,26.0,signal
1.0,40828976.0,7.0,-0.5878646,46.0,0.0,26.21063,-17.468529,19.756725,26.0,signal
1.0,40828976.0,7.0,-0.5878646,47.0,0.0,26.21063,-17.468529,20.180134,27.0,signal
1.0,40828976.0,7.0,-0.5878646,48.0,0.0,26.21063,-17.468529,20.60354,26.0,signal
1.0,40828976.0,7.0,-0.5878646,49.0,0.0,26.21063,-17.468529,21.026947,25.0,signal
1.0,40828976.0,7.0,-0.5878646,50.0,0.0,26.21063,-17.468529,21.450354,25.0,signal
1.0,40828980.0,7.0,-0.5878646,51.0,0.0,26.21063,-17.468529,21.87376,25.0,signal
1.0,40828980.0,7.0,-0.5878646,52.0,0.0,26.21063,-17.468529,22.297169,25.0,signal
1.0,40828980.0,7.0,-0.5878646,53.0,0.0,26.21063,-17.468529,22.720575,23.0,signal
1.0,40828984.0,7.0,-0.5878646,54.0,0.0,26.21063,-17.468529,23.143982,24.0,signal
1.0,40828984.0,7.0,-0.5878646,55.0,0.0,26.21063,-17.468529,23.567389,25.0,signal
1.0,40828984.0,7.0,-0.5878646,56.0,0.0,26.21063,-17.468529,23.990797,24.0,signal
1.0,40828984.0,7.0,-0.5878646,57.0,0.0,26.21063,-17.468529,24.414204,23.0,signal
1.0,40828984.0,7.0,-0.5878646,58.0,0.0,26.21063,-17.468529,24.83761,23.0,signal
1.0,40828988.0,7.0,-0.5878646,59.0,0.0,26.21063,-17.468529,25.261019,23.0,signal
1.0,40828988.0,7.0,-0.5878646,60.0,0.0,26.21063,-17.468529,25.684423,22.0,signal
1.0,40828988.0,7.0,-0.5878646,61.0,0.0,26.21063,-17.468529,26.107832,22.0,signal
1.0,40828990.0,7.0,-0.5878646,62.0,0.0,26.21063,-17.468529,26.531239,21.0,signal
1.0,40828990.0,7.0,-0.5878646,63.0,0.0,26.21063,-17.468529,26.954645,22.0,signal
1.0,40828990.0,7.0,-0.5878646,64.0,0.0,26.21063,-17.468529,27.378054,20.0,signal
1.0,40828990.0,7.0,-0.5878646,65.0,0.0,26.21063,-17.468529,27.80146,21.0,signal
1.0,40828990.0,7.0,-0.5878646,66.0,0.0,26.21063,-17.468529,28.224867,20.0,signal
1.0,40828996.0,7.0,-0.5878646,67.0,0.0,26.21063,-17.468529,28.648273,21.0,signal
1.0,40828996.0,7.0,-0.5878646,68.0,0.0,26.21063,-17.468529,29.071682,19.0,signal
1.0,40828996.0,7.0,-0.5878646,69.0,0.0,26.21063,-17.468529,29.495089,19.0,signal
1.0,40829000.0,7.0,-0.5878646,70.0,0.0,26.21063,-17.468529,29.918495,19.0,signal
1.0,40829000.0,7.0,-0.5878646,71.0,0.0,26.21063,-17.468529,30.341904,19.0,signal
1.0,40829000.0,7.0,-0.5878646,72.0,0.0,26.21063,-17.468529,30.765308,17.0,signal
1.0,40829000.0,7.0,-0.5878646,73.0,0.0,26.21063,-17.468529,31.188715,17.0,signal
1.0,40829000.0,7.0,-0.5878646,74.0,0.0,26.21063,-17.468529,31.612123,17.0,signal
1.0,40829004.0,7.0,-0.5878646,75.0,0.0,26.21063,-17.468529,32.03553,18.0,signal
1.0,40829004.0,7.0,-0.5878646,76.0,0.0,26.21063,-17.468529,32.45894,17.0,signal
1.0,40829004.0,7.0,-0.5878646,77.0,0.0,26.21063,-17.468529,32.882347,16.0,signal
1.0,40829010.0,7.0,-0.5878646,78.0,0.0,26.21063,-17.468529,33.30575,16.0,signal
1.0,40829010.0,7.0,-0.5878646,79.0,0.0,26.21063,-17.468529,33.729156,16.0,signal
1.0,40829010.0,7.0,-0.5878646,80.0,0.0,26.21063,-17.468529,34.152565,16.0,signal
1.0,40829010.0,7.0,-0.5878646,81.0,0.0,26.21063,-17.468529,34.575974,17.0,signal
1.0,40829010.0,7.0,-0.5878646,82.0,0.0,26.21063,-17.468529,34.999382,16.0,signal
1.0,40829012.0,7.0,-0.5878646,83.0,0.0,26.21063,-17.468529,35.422787,15.0,signal
1.0,40829012.0,7.0,-0.5878646,84.0,0.0,26.21063,-17.468529,35.846195,14.0,signal
1.0,40829012.0,7.0,-0.5878646,85.0,0.0,26.21063,-17.468529,36.2696,14.0,signal
1.0,40829016.0,7.0,-0.5878646,86.0,0.0,26.21063,-17.468529,36.69301,14.0,signal
1.0,40829016.0,7.0,-0.5878646,87.0,0.0,26.21063,-17.468529,37.116417,14.0,signal
1.0,40829016.0,7.0,-0.5878646,88.0,0.0,26.21063,-17.468529,37.53982,13.0,signal
1.0,40829016.0,7.0,-0.5878646,89.0,0.0,26.21063,-17.468529,37.96323,11.0,signal
1.0,40829016.0,7.0,-0.5878646,90.0,0.0,26.21063,-17.468529,38.38664,13.0,signal
1.0,40829020.0,7.0,-0.5878646,91.0,0.0,26.21063,-17.468529,38.810043,13.0,signal
1.0,40829020.0,7.0,-0.5878646,92.0,0.0,26.21063,-17.468529,39.23345,11.0,signal
1.0,40829020.0,7.0,-0.5878646,93.0,0.0,26.21063,-17.468529,39.656857,11.0,signal
1.0,40829024.0,7.0,-0.5878646,94.0,0.0,26.21063,-17.468529,40.080265,12.0,signal
1.0,40829024.0,7.0,-0.5878646,95.0,0.0,26.21063,-17.468529,40.503674,12.0,signal
1.0,40894480.0,7.0,-0.5931719,15.0,0.0,26.117552,-17.60739,6.631107,32.0,signal
1.0,40894480.0,7.0,-0.5931719,16.0,0.0,26.117552,-17.60739,7.054514,120.0,signal
1.0,40894480.0,7.0,-0.5931719,17.0,0.0,26.117552,-17.60739,7.4779215,218.0,signal
1.0,40894480.0,7.0,-0.5931719,18.0,0.0,26.117552,-17.60739,7.901328,552.0,signal
1.0,40894484.0,7.0,-0.5931719,19.0,0.0,26.117552,-17.60739,8.324736,350.0,signal
1.0,40894484.0,7.0,-0.5931719,20.0,0.0,26.117552,-17.60739,8.748142,77.0,signal
1.0,40894484.0,7.0,-0.5931719,21.0,0.0,26.117552,-17.60739,9.17155,35.0,signal
1.0,40894490.0,7.0,-0.5931719,22.0,0.0,26.117552,-17.60739,9.594956,28.0,signal
1.0,40960016.0,7.0,-0.5984792,18.0,0.0,26.023735,-17.745756,7.901328,15.0,signal
1.0,37093376.0,7.0,-0.28949878,0.0,1.0,30.18762,-8.991897,102.605,33.0,signal
1.0,37093376.0,7.0,-0.28949878,1.0,1.0,30.18762,-8.991897,102.181595,85.0,signal
1.0,37093376.0,7.0,-0.28949878,2.0,1.0,30.18762,-8.991897,101.75819,58.0,signal
1.0,37093380.0,7.0,-0.28949878,3.0,1.0,30.18762,-8.991897,101.33478,24.0,signal
1.0,37158910.0,7.0,-0.29480606,0.0,1.0,30.139473,-9.151983,102.605,50.0,signal
1.0,37158910.0,7.0,-0.29480606,1.0,1.0,30.139473,-9.151983,102.181595,165.0,signal
1.0,37158910.0,7.0,-0.29480606,2.0,1.0,30.139473,-9.151983,101.75819,197.0,signal
1.0,37158916.0,7.0,-0.29480606,3.0,1.0,30.139473,-9.151983,101.33478,123.0,signal
1.0,37158916.0,7.0,-0.29480606,4.0,1.0,30.139473,-9.151983,100.91137,40.0,signal
1.0,41812024.0,7.0,-0.67162424,57.0,1.0,24.657293,-19.600117,78.4708,13.0,signal
1.0,41812024.0,7.0,-0.67162424,58.0,1.0,24.657293,-19.600117,78.04739,68.0,signal
1.0,41812028.0,7.0,-0.67162424,59.0,1.0,24.657293,-19.600117,77.623985,112.0,signal
1.0,41812028.0,7.0,-0.67162424,60.0,1.0,24.657293,-19.600117,77.20058,131.0,signal
1.0,41812028.0,7.0,-0.67162424,61.0,1.0,24.657293,-19.600117,76.77717,57.0,signal
1.0,41877560.0,7.0,-0.6769315,57.0,1.0,24.552925,-19.730701,78.4708,81.0,signal
1.0,41877560.0,7.0,-0.6769315,58.0,1.0,24.552925,-19.730701,78.04739,127.0,signal
1.0,41877564.0,7.0,-0.6769315,59.0,1.0,24.552925,-19.730701,77.623985,157.0,signal
1.0,41877564.0,7.0,-0.6769315,60.0,1.0,24.552925,-19.730701,77.20058,131.0,signal
1.0,41877564.0,7.0,-0.6769315,61.0,1.0,24.552925,-19.730701,76.77717,50.0,signal
1.0,41877590.0,7.0,-0.6769315,86.0,1.0,24.552925,-19.730701,66.19199,18.0,signal
1.0,41877590.0,7.0,-0.6769315,87.0,1.0,24.552925,-19.730701,65.768585,13.0,signal
1.0,41943096.0,7.0,-0.6822388,57.0,1.0,24.447863,-19.860731,78.4708,95.0,signal
1.0,41943096.0,7.0,-0.6822388,58.0,1.0,24.447863,-19.860731,78.04739,68.0,signal
1.0,41943124.0,7.0,-0.6822388,85.0,1.0,24.447863,-19.860731,66.6154,21.0,signal
1.0,41943130.0,7.0,-0.6822388,86.0,1.0,24.447863,-19.860731,66.19199,69.0,signal
1.0,41943130.0,7.0,-0.6822388,87.0,1.0,24.447863,-19.860731,65.768585,26.0,signal
1.0,42008630.0,7.0,-0.68754613,57.0,1.0,24.342112,-19.990204,78.4708,66.0,signal
1.0,42008630.0,7.0,-0.68754613,58.0,1.0,24.342112,-19.990204,78.04739,37.0,signal
1.0,42008660.0,7.0,-0.68754613,85.0,1.0,24.342112,-19.990204,66.6154,15.0,signal
1.0,42008664.0,7.0,-0.68754613,86.0,1.0,24.342112,-19.990204,66.19199,24.0,signal
1.0,42074170.0,7.0,-0.6928534,57.0,1.0,24.235676,-20.119112,78.4708,69.0,signal
1.0,42074170.0,7.0,-0.6928534,58.0,1.0,24.235676,-20.119112,78.04739,35.0,signal
1.0,42205230.0,7.0,-0.703468,49.0,1.0,24.020756,-20.375229,81.858055,196.0,signal
1.0,42205230.0,7.0,-0.703468,50.0,1.0,24.020756,-20.375229,81.43465,196.0,signal
1.0,42205236.0,7.0,-0.703468,51.0,1.0,24.020756,-20.375229,81.01124,36.0,signal
1.0,42270770.0,7.0,-0.7087753,47.0,1.0,23.912283,-20.502424,82.70487,39.0,signal
1.0,42270770.0,7.0,-0.7087753,48.0,1.0,23.912283,-20.502424,82.28146,164.0,signal
1.0,42270770.0,7.0,-0.7087753,49.0,1.0,23.912283,-20.502424,81.858055,563.0,signal
1.0,42270770.0,7.0,-0.7087753,50.0,1.0,23.912283,-20.502424,81.43465,437.0,signal
1.0,42270772.0,7.0,-0.7087753,51.0,1.0,23.912283,-20.502424,81.01124,82.0,signal
1.0,42270772.0,7.0,-0.7087753,52.0,1.0,23.912283,-20.502424,80.58784,25.0,signal
1.0,42270772.0,7.0,-0.7087753,53.0,1.0,23.912283,-20.502424,80.16443,12.0,signal
1.0,42336304.0,7.0,-0.7140826,47.0,1.0,23.803133,-20.629044,82.70487,88.0,signal
1.0,42336304.0,7.0,-0.7140826,48.0,1.0,23.803133,-20.629044,82.28146,189.0,signal
1.0,42336304.0,7.0,-0.7140826,49.0,1.0,23.803133,-20.629044,81.858055,139.0,signal
1.0,42336304.0,7.0,-0.7140826,50.0,1.0,23.803133,-20.629044,81.43465,32.0,signal
1.0,42336348.0,7.0,-0.7140826,92.0,1.0,23.803133,-20.629044,63.65155,33.0,signal
1.0,42336348.0,7.0,-0.7140826,93.0,1.0,23.803133,-20.629044,63.228146,57.0,signal
1.0,42336350.0,7.0,-0.7140826,94.0,1.0,23.803133,-20.629044,62.804737,57.0,signal
1.0,42336350.0,7.0,-0.7140826,95.0,1.0,23.803133,-20.629044,62.38133,32.0,signal
1.0,42401884.0,7.0,-0.7193899,92.0,1.0,23.693314,-20.755085,63.65155,12.0,signal
1.0,42401884.0,7.0,-0.7193899,93.0,1.0,23.693314,-20.755085,63.228146,43.0,signal
1.0,42401890.0,7.0,-0.7193899,94.0,1.0,23.693314,-20.755085,62.804737,183.0,signal
1.0,42401890.0,7.0,-0.7193899,95.0,1.0,23.693314,-20.755085,62.38133,99.0,signal
1.0,42401890.0,7.0,-0.7193899,96.0,1.0,23.693314,-20.755085,61.95792,18.0,signal
1.0,42467424.0,7.0,-0.72469723,94.0,1.0,23.582827,-20.880539,62.804737,12.0,signal
1.0,42467424.0,7.0,-0.72469723,95.0,1.0,23.582827,-20.880539,62.38133,17.0,signal
1.0,42467424.0,7.0,-0.72469723,96.0,1.0,23.582827,-20.880539,61.95792,15.0,signal
1.0,45285470.0,7.0,-0.9734736,95.0,0.0,17.715647,-26.04424,40.503674,116.0,signal
1.0,45285470.0,7.0,-0.9734736,96.0,0.0,17.715647,-26.04424,40.927082,379.0,signal
1.0,45285470.0,7.0,-0.9734736,97.0,0.0,17.715647,-26.04424,41.350487,141.0,signal
1.0,45285470.0,7.0,-0.9734736,98.0,0.0,17.715647,-26.04424,41.77389,15.0,signal
1.0,45351010.0,7.0,-0.9787809,95.0,0.0,17.577175,-26.137897,40.503674,353.0,signal
1.0,45351010.0,7.0,-0.9787809,96.0,0.0,17.577175,-26.137897,40.927082,945.0,signal
1.0,45351010.0,7.0,-0.9787809,97.0,0.0,17.577175,-26.137897,41.350487,602.0,signal
1.0,45351010.0,7.0,-0.9787809,98.0,0.0,17.577175,-26.137897,41.77389,85.0,signal
1.0,45416544.0,7.0,-0.98408824,95.0,0.0,17.438204,-26.230816,40.503674,95.0,signal
1.0,45416544.0,7.0,-0.98408824,96.0,0.0,17.438204,-26.230816,40.927082,253.0,signal
1.0,45416544.0,7.0,-0.98408824,97.0,0.0,17.438204,-26.230816,41.350487,94.0,signal
1.0,45416544.0,7.0,-0.98408824,98.0,0.0,17.438204,-26.230816,41.77389,11.0,signal
1.0,47579150.0,7.0,-1.159229,18.0,0.0,12.6008,-28.868088,7.901328,14.0,signal
1.0,47644690.0,7.0,-1.1645364,18.0,0.0,12.447412,-28.934557,7.901328,124.0,signal
1.0,47644692.0,7.0,-1.1645364,19.0,0.0,12.447412,-28.934557,8.324736,212.0,signal
1.0,47644692.0,7.0,-1.1645364,20.0,0.0,12.447412,-28.934557,8.748142,70.0,signal
1.0,47710224.0,7.0,-1.1698437,18.0,0.0,12.293672,-29.000212,7.901328,116.0,signal
1.0,47710228.0,7.0,-1.1698437,19.0,0.0,12.293672,-29.000212,8.324736,246.0,signal
1.0,47710228.0,7.0,-1.1698437,20.0,0.0,12.293672,-29.000212,8.748142,85.0,signal
1.0,47710228.0,7.0,-1.1698437,21.0,0.0,12.293672,-29.000212,9.17155,14.0,signal
1.0,47775760.0,7.0,-1.175151,18.0,0.0,12.139586,-29.06505,7.901328,54.0,signal
1.0,47775764.0,7.0,-1.175151,19.0,0.0,12.139586,-29.06505,8.324736,214.0,signal
1.0,47775764.0,7.0,-1.175151,20.0,0.0,12.139586,-29.06505,8.748142,163.0,signal
1.0,47775764.0,7.0,-1.175151,21.0,0.0,12.139586,-29.06505,9.17155,85.0,signal
1.0,47775770.0,7.0,-1.175151,22.0,0.0,12.139586,-29.06505,9.594956,79.0,signal
1.0,47775770.0,7.0,-1.175151,23.0,0.0,12.139586,-29.06505,10.018363,56.0,signal
1.0,47775770.0,7.0,-1.175151,24.0,0.0,12.139586,-29.06505,10.441771,14.0,signal
1.0,47841296.0,7.0,-1.1804582,18.0,0.0,11.985162,-29.129066,7.901328,29.0,signal
1.0,47841300.0,7.0,-1.1804582,19.0,0.0,11.985162,-29.129066,8.324736,188.0,signal
1.0,47841300.0,7.0,-1.1804582,20.0,0.0,11.985162,-29.129066,8.748142,494.0,signal
1.0,47841300.0,7.0,-1.1804582,21.0,0.0,11.985162,-29.129066,9.17155,360.0,signal
1.0,47841304.0,7.0,-1.1804582,22.0,0.0,11.985162,-29.129066,9.594956,178.0,signal
1.0,47841304.0,7.0,-1.1804582,23.0,0.0,11.985162,-29.129066,10.018363,92.0,signal
1.0,47841304.0,7.0,-1.1804582,24.0,0.0,11.985162,-29.129066,10.441771,26.0,signal
1.0,47906836.0,7.0,-1.1857655,19.0,0.0,11.830397,-29.192265,8.324736,32.0,signal
1.0,47906836.0,7.0,-1.1857655,20.0,0.0,11.830397,-29.192265,8.748142,388.0,signal
1.0,47906836.0,7.0,-1.1857655,21.0,0.0,11.830397,-29.192265,9.17155,306.0,signal
1.0,47906840.0,7.0,-1.1857655,22.0,0.0,11.830397,-29.192265,9.594956,67.0,signal
1.0,47906840.0,7.0,-1.1857655,23.0,0.0,11.830397,-29.192265,10.018363,14.0,signal
1.0,48889956.0,7.0,-1.265375,100.0,0.0,9.471399,-30.040627,42.62071,13.0,signal
1.0,48955492.0,7.0,-1.2706823,99.0,0.0,9.311832,-30.090471,42.1973,30.0,signal
1.0,48955492.0,7.0,-1.2706823,100.0,0.0,9.311832,-30.090471,42.62071,198.0,signal
1.0,48955492.0,7.0,-1.2706823,101.0,0.0,9.311832,-30.090471,43.044117,152.0,signal
1.0,48955496.0,7.0,-1.2706823,102.0,0.0,9.311832,-30.090471,43.467518,31.0,signal
1.0,48955496.0,7.0,-1.2706823,103.0,0.0,9.311832,-30.090471,43.890926,16.0,signal
1.0,49021028.0,7.0,-1.2759897,99.0,0.0,9.152002,-30.139467,42.1973,231.0,signal
1.0,49021028.0,7.0,-1.2759897,100.0,0.0,9.152002,-30.139467,42.62071,727.0,signal
1.0,49021028.0,7.0,-1.2759897,101.0,0.0,9.152002,-30.139467,43.044117,257.0,signal
1.0,49021030.0,7.0,-1.2759897,102.0,0.0,9.152002,-30.139467,43.467518,24.0,signal
1.0,49086564.0,7.0,-1.2812968,99.0,0.0,8.991918,-30.187614,42.1973,128.0,signal
1.0,49086564.0,7.0,-1.2812968,100.0,0.0,8.991918,-30.187614,42.62071,322.0,signal
1.0,49086564.0,7.0,-1.2812968,101.0,0.0,8.991918,-30.187614,43.044117,113.0,signal
1.0,49086570.0,7.0,-1.2812968,102.0,0.0,8.991918,-30.187614,43.467518,14.0,signal
1.0,45219950.0,7.0,-0.9723165,112.0,1.0,17.745771,-26.023726,55.18341,43.0,signal
1.0,45219950.0,7.0,-0.9723165,113.0,1.0,17.745771,-26.023726,54.760002,70.0,signal
1.0,45219950.0,7.0,-0.9723165,114.0,1.0,17.745771,-26.023726,54.336597,17.0,signal
1.0,45285490.0,7.0,-0.97762376,112.0,1.0,17.607407,-26.11754,55.18341,189.0,signal
1.0,45285490.0,7.0,-0.97762376,113.0,1.0,17.607407,-26.11754,54.760002,261.0,signal
1.0,45285490.0,7.0,-0.97762376,114.0,1.0,17.607407,-26.11754,54.336597,63.0,signal
1.0,45351024.0,7.0,-0.9829311,112.0,1.0,17.468546,-26.210619,55.18341,32.0,signal
1.0,45351024.0,7.0,-0.9829311,113.0,1.0,17.468546,-26.210619,54.760002,55.0,signal
1.0,45678690.0,7.0,-1.0094676,97.0,1.0,16.76694,-26.66489,61.534515,58.0,signal
1.0,45678690.0,7.0,-1.0094676,98.0,1.0,16.76694,-26.66489,61.11111,262.0,signal
1.0,45678692.0,7.0,-1.0094676,99.0,1.0,16.76694,-26.66489,60.687702,299.0,signal
1.0,45678692.0,7.0,-1.0094676,100.0,1.0,16.76694,-26.66489,60.264294,97.0,signal
1.0,45678692.0,7.0,-1.0094676,101.0,1.0,16.76694,-26.66489,59.840885,12.0,signal
1.0,45744224.0,7.0,-1.0147749,96.0,1.0,16.625185,-26.753502,61.95792,56.0,signal
1.0,45744224.0,7.0,-1.0147749,97.0,1.0,16.625185,-26.753502,61.534515,127.0,signal
1.0,45744224.0,7.0,-1.0147749,98.0,1.0,16.625185,-26.753502,61.11111,434.0,signal
1.0,45744228.0,7.0,-1.0147749,99.0,1.0,16.625185,-26.753502,60.687702,435.0,signal
1.0,45744228.0,7.0,-1.0147749,100.0,1.0,16.625185,-26.753502,60.264294,123.0,signal
1.0,45744228.0,7.0,-1.0147749,101.0,1.0,16.625185,-26.753502,59.840885,14.0,signal
1.0,45809760.0,7.0,-1.0200821,96.0,1.0,16.482965,-26.841358,61.95792,27.0,signal
1.0,45809760.0,7.0,-1.0200821,97.0,1.0,16.482965,-26.841358,61.534515,23.0,signal
1.0,45809760.0,7.0,-1.0200821,98.0,1.0,16.482965,-26.841358,61.11111,35.0,signal
1.0,45809764.0,7.0,-1.0200821,99.0,1.0,16.482965,-26.841358,60.687702,25.0,signal
1.0,47906950.0,7.0,-1.1899157,138.0,1.0,11.709143,-29.241112,44.174828,26.0,signal
1.0,47906956.0,7.0,-1.1899157,139.0,1.0,11.709143,-29.241112,43.75142,85.0,signal
1.0,47972490.0,7.0,-1.195223,138.0,1.0,11.553786,-29.302845,44.174828,76.0,signal
1.0,47972492.0,7.0,-1.195223,139.0,1.0,11.553786,-29.302845,43.75142,230.0,signal
1.0,48038024.0,7.0,-1.2005303,138.0,1.0,11.398106,-29.36375,44.174828,28.0,signal
1.0,48038028.0,7.0,-1.2005303,139.0,1.0,11.398106,-29.36375,43.75142,40.0,signal
1.0,49283108.0,7.0,-1.3219316,37.0,0.0,7.7581663,-30.527979,15.946062,11.0,signal
1.0,49479684.0,7.0,-1.3378534,5.0,0.0,7.2711425,-30.647629,2.3970363,56.0,signal
1.0,49479690.0,7.0,-1.3378534,6.0,0.0,7.2711425,-30.647629,2.8204436,44.0,signal
1.0,49545220.0,7.0,-1.3431607,5.0,0.0,7.108384,-30.685787,2.3970363,76.0,signal
1.0,49545224.0,7.0,-1.3431607,6.0,0.0,7.108384,-30.685787,2.8204436,88.0,signal
1.0,49545224.0,7.0,-1.3431607,7.0,0.0,7.108384,-30.685787,3.2438505,16.0,signal
1.0,49545280.0,7.0,-1.3431607,63.0,0.0,7.108384,-30.685787,26.954645,16.0,signal
1.0,49610760.0,7.0,-1.3484681,6.0,0.0,6.945425,-30.723082,2.8204436,13.0,signal
1.0,49610816.0,7.0,-1.3484681,62.0,0.0,6.945425,-30.723082,26.531239,15.0,signal
1.0,49610816.0,7.0,-1.3484681,63.0,0.0,6.945425,-30.723082,26.954645,39.0,signal
1.0,49610816.0,7.0,-1.3484681,64.0,0.0,6.945425,-30.723082,27.378054,13.0,signal
1.0,49676364.0,7.0,-1.3537754,77.0,0.0,6.782271,-30.75951,32.882347,47.0,signal
1.0,49676370.0,7.0,-1.3537754,78.0,0.0,6.782271,-30.75951,33.30575,332.0,signal
1.0,49676370.0,7.0,-1.3537754,79.0,0.0,6.782271,-30.75951,33.729156,262.0,signal
1.0,49676370.0,7.0,-1.3537754,80.0,0.0,6.782271,-30.75951,34.152565,52.0,signal
1.0,49741900.0,7.0,-1.3590827,77.0,0.0,6.618926,-30.795073,32.882347,56.0,signal
1.0,49741904.0,7.0,-1.3590827,78.0,0.0,6.618926,-30.795073,33.30575,238.0,signal
1.0,49741904.0,7.0,-1.3590827,79.0,0.0,6.618926,-30.795073,33.729156,137.0,signal
1.0,49741904.0,7.0,-1.3590827,80.0,0.0,6.618926,-30.795073,34.152565,26.0,signal
1.0,50069600.0,7.0,-1.3856192,97.0,0.0,5.799499,-30.959852,41.350487,11.0,signal
1.0,50069600.0,7.0,-1.3856192,98.0,0.0,5.799499,-30.959852,41.77389,74.0,signal
1.0,50069604.0,7.0,-1.3856192,99.0,0.0,5.799499,-30.959852,42.1973,165.0,signal
1.0,50069604.0,7.0,-1.3856192,100.0,0.0,5.799499,-30.959852,42.62071,118.0,signal
1.0,50069604.0,7.0,-1.3856192,101.0,0.0,5.799499,-30.959852,43.044117,102.0,signal
1.0,50069610.0,7.0,-1.3856192,102.0,0.0,5.799499,-30.959852,43.467518,183.0,signal
1.0,50069610.0,7.0,-1.3856192,103.0,0.0,5.799499,-30.959852,43.890926,113.0,signal
1.0,50069610.0,7.0,-1.3856192,104.0,0.0,5.799499,-30.959852,44.314335,17.0,signal
1.0,50135136.0,7.0,-1.3909265,97.0,0.0,5.6351047,-30.990196,41.350487,23.0,signal
1.0,50135136.0,7.0,-1.3909265,98.0,0.0,5.6351047,-30.990196,41.77389,126.0,signal
1.0,50135140.0,7.0,-1.3909265,99.0,0.0,5.6351047,-30.990196,42.1973,291.0,signal
1.0,50135140.0,7.0,-1.3909265,100.0,0.0,5.6351047,-30.990196,42.62071,164.0,signal
1.0,50135140.0,7.0,-1.3909265,101.0,0.0,5.6351047,-30.990196,43.044117,67.0,signal
1.0,50135144.0,7.0,-1.3909265,102.0,0.0,5.6351047,-30.990196,43.467518,102.0,signal
1.0,50135144.0,7.0,-1.3909265,103.0,0.0,5.6351047,-30.990196,43.890926,68.0,signal
1.0,50200676.0,7.0,-1.3962337,99.0,0.0,5.470555,-31.019667,42.1973,21.0,signal
1.0,51183750.0,7.0,-1.4758432,135.0,0.0,2.9863758,-31.35647,57.439957,14.0,signal
1.0,51249290.0,7.0,-1.4811505,134.0,0.0,2.8199158,-31.371878,57.01655,16.0,signal
1.0,51249290.0,7.0,-1.4811505,135.0,0.0,2.8199158,-31.371878,57.439957,21.0,signal
1.0,51249290.0,7.0,-1.4811505,136.0,0.0,2.8199158,-31.371878,57.86336,15.0,signal
1.0,51314824.0,7.0,-1.4864578,138.0,0.0,2.653376,-31.386402,58.710175,15.0,signal
1.0,53084240.0,7.0,-1.6297549,82.0,0.0,-1.8560226,-31.44363,34.999382,19.0,signal
1.0,53084244.0,7.0,-1.6297549,83.0,0.0,-1.8560226,-31.44363,35.422787,13.0,signal
1.0,53149776.0,7.0,-1.6350621,81.0,0.0,-2.0228734,-31.433336,34.575974,96.0,signal
1.0,53149776.0,7.0,-1.6350621,82.0,0.0,-2.0228734,-31.433336,34.999382,440.0,signal
1.0,53149780.0,7.0,-1.6350621,83.0,0.0,-2.0228734,-31.433336,35.422787,244.0,signal
1.0,53149780.0,7.0,-1.6350621,84.0,0.0,-2.0228734,-31.433336,35.846195,48.0,signal
1.0,53215310.0,7.0,-1.6403694,81.0,0.0,-2.1896706,-31.422157,34.575974,106.0,signal
1.0,53215310.0,7.0,-1.6403694,82.0,0.0,-2.1896706,-31.422157,34.999382,379.0,signal
1.0,53215316.0,7.0,-1.6403694,83.0,0.0,-2.1896706,-31.422157,35.422787,192.0,signal
1.0,53215316.0,7.0,-1.6403694,84.0,0.0,-2.1896706,-31.422157,35.846195,29.0,signal
1.0,54591572.0,7.0,-1.7518227,85.0,0.0,-5.6709423,-30.98366,36.2696,26.0,signal
1.0,54657110.0,7.0,-1.75713,87.0,0.0,-5.8353014,-30.953125,37.116417,24.0,signal
1.0,54657110.0,7.0,-1.75713,88.0,0.0,-5.8353014,-30.953125,37.53982,13.0,signal
1.0,54722652.0,7.0,-1.7624373,92.0,0.0,-5.9994965,-30.921719,39.23345,12.0,signal
1.0,50593924.0,7.0,-1.4322277,131.0,1.0,4.350729,-31.19644,47.13868,23.0,signal
1.0,50593924.0,7.0,-1.4322277,132.0,1.0,4.350729,-31.19644,46.71527,29.0,signal
1.0,50659460.0,7.0,-1.4375349,131.0,1.0,4.1851025,-31.21909,47.13868,104.0,signal
1.0,50659460.0,7.0,-1.4375349,132.0,1.0,4.1851025,-31.21909,46.71527,341.0,signal
1.0,50659460.0,7.0,-1.4375349,133.0,1.0,4.1851025,-31.21909,46.291862,98.0,signal
1.0,50724996.0,7.0,-1.4428422,131.0,1.0,4.019355,-31.240862,47.13868,29.0,signal
1.0,50724996.0,7.0,-1.4428422,132.0,1.0,4.019355,-31.240862,46.71527,166.0,signal
1.0,50724996.0,7.0,-1.4428422,133.0,1.0,4.019355,-31.240862,46.291862,95.0,signal
1.0,50725000.0,7.0,-1.4428422,134.0,1.0,4.019355,-31.240862,45.868454,12.0,signal
1.0,50790532.0,7.0,-1.4481496,132.0,1.0,3.8534942,-31.261755,46.71527,33.0,signal
1.0,50790532.0,7.0,-1.4481496,133.0,1.0,3.8534942,-31.261755,46.291862,78.0,signal
1.0,50790536.0,7.0,-1.4481496,134.0,1.0,3.8534942,-31.261755,45.868454,30.0,signal
1.0,50856068.0,7.0,-1.4534569,133.0,1.0,3.6875246,-31.281767,46.291862,50.0,signal
1.0,50856070.0,7.0,-1.4534569,134.0,1.0,3.6875246,-31.281767,45.868454,52.0,signal
1.0,50921610.0,7.0,-1.4587642,134.0,1.0,3.5214512,-31.300896,45.868454,20.0,signal
1.0,50921610.0,7.0,-1.4587642,135.0,1.0,3.5214512,-31.300896,45.445045,19.0,signal
1.0,50987144.0,7.0,-1.4640715,134.0,1.0,3.3552787,-31.319143,45.868454,18.0,signal
1.0,50987144.0,7.0,-1.4640715,135.0,1.0,3.3552787,-31.319143,45.445045,58.0,signal
1.0,50987144.0,7.0,-1.4640715,136.0,1.0,3.3552787,-31.319143,45.02164,16.0,signal
1.0,51052680.0,7.0,-1.4693787,135.0,1.0,3.1890154,-31.33651,45.445045,49.0,signal
1.0,51052680.0,7.0,-1.4693787,136.0,1.0,3.1890154,-31.33651,45.02164,30.0,signal
1.0,51118216.0,7.0,-1.474686,136.0,1.0,3.0226583,-31.352993,45.02164,20.0,signal
1.0,51118216.0,7.0,-1.474686,137.0,1.0,3.0226583,-31.352993,44.598236,16.0,signal
1.0,51183750.0,7.0,-1.4799933,136.0,1.0,2.8562162,-31.368595,45.02164,62.0,signal
1.0,51183750.0,7.0,-1.4799933,137.0,1.0,2.8562162,-31.368595,44.598236,76.0,signal
1.0,51183750.0,7.0,-1.4799933,138.0,1.0,2.8562162,-31.368595,44.174828,15.0,signal
1.0,51249290.0,7.0,-1.4853007,137.0,1.0,2.6896937,-31.383312,44.598236,138.0,signal
1.0,51249290.0,7.0,-1.4853007,138.0,1.0,2.6896937,-31.383312,44.174828,76.0,signal
1.0,51314824.0,7.0,-1.490608,137.0,1.0,2.5230956,-31.397144,44.598236,40.0,signal
1.0,51314824.0,7.0,-1.490608,138.0,1.0,2.5230956,-31.397144,44.174828,92.0,signal
1.0,51314828.0,7.0,-1.490608,139.0,1.0,2.5230956,-31.397144,43.75142,35.0,signal
1.0,51380360.0,7.0,-1.4959153,138.0,1.0,2.356426,-31.410093,44.174828,50.0,signal
1.0,51380364.0,7.0,-1.4959153,139.0,1.0,2.356426,-31.410093,43.75142,42.0,signal
1.0,51445896.0,7.0,-1.5012226,138.0,1.0,2.1896906,-31.422155,44.174828,13.0,signal
1.0,51445900.0,7.0,-1.5012226,139.0,1.0,2.1896906,-31.422155,43.75142,40.0,signal
1.0,59048040.0,7.0,-2.1374316,105.0,0.0,-16.908201,-26.57554,44.737743,34.0,signal
1.0,59048040.0,7.0,-2.1374316,106.0,0.0,-16.908201,-26.57554,45.16115,28.0,signal
1.0,59113576.0,7.0,-2.142739,104.0,0.0,-17.049011,-26.485428,44.314335,33.0,signal
1.0,59113576.0,7.0,-2.142739,105.0,0.0,-17.049011,-26.485428,44.737743,447.0,signal
1.0,59113576.0,7.0,-2.142739,106.0,0.0,-17.049011,-26.485428,45.16115,328.0,signal
1.0,59113580.0,7.0,-2.142739,107.0,0.0,-17.049011,-26.485428,45.584557,61.0,signal
1.0,59179110.0,7.0,-2.1480463,104.0,0.0,-17.189333,-26.394571,44.314335,22.0,signal
1.0,59179110.0,7.0,-2.1480463,105.0,0.0,-17.189333,-26.394571,44.737743,254.0,signal
1.0,59179110.0,7.0,-2.1480463,106.0,0.0,-17.189333,-26.394571,45.16115,177.0,signal
1.0,59179116.0,7.0,-2.1480463,107.0,0.0,-17.189333,-26.394571,45.584557,32.0,signal
1.0,59506828.0,7.0,-2.1787329,139.0,1.0,-17.991074,-25.854748,43.75142,12.0,signal
1.0,59572364.0,7.0,-2.1840403,139.0,1.0,-18.128042,-25.758896,43.75142,55.0,signal
1.0,69468280.0,7.0,-3.0307176,118.0,0.0,-31.304949,-3.485231,50.242035,31.0,signal
1.0,69468280.0,7.0,-3.0307176,119.0,0.0,-31.304949,-3.485231,50.665443,75.0,signal
1.0,69468280.0,7.0,-3.0307176,120.0,0.0,-31.304949,-3.485231,51.08885,37.0,signal
1.0,69533816.0,7.0,-3.036025,118.0,0.0,-31.323006,-3.3190336,50.242035,13.0,signal
1.0,70975500.0,7.0,3.1303997,15.0,0.0,-31.496386,0.35255218,6.631107,38.0,signal
1.0,70975500.0,7.0,3.1303997,16.0,0.0,-31.496386,0.35255218,7.054514,16.0,signal
1.0,71041040.0,7.0,3.1250925,14.0,0.0,-31.494072,0.519704,6.2077003,21.0,signal
1.0,71041040.0,7.0,3.1250925,15.0,0.0,-31.494072,0.519704,6.631107,226.0,signal
1.0,71041040.0,7.0,3.1250925,16.0,0.0,-31.494072,0.519704,7.054514,158.0,signal
1.0,71041040.0,7.0,3.1250925,17.0,0.0,-31.494072,0.519704,7.4779215,35.0,signal
1.0,71106580.0,7.0,3.1197853,14.0,0.0,-31.490871,0.68684113,6.2077003,15.0,signal
1.0,71106580.0,7.0,3.1197853,15.0,0.0,-31.490871,0.68684113,6.631107,79.0,signal
1.0,71106580.0,7.0,3.1197853,16.0,0.0,-31.490871,0.68684113,7.054514,62.0,signal
1.0,71106580.0,7.0,3.1197853,17.0,0.0,-31.490871,0.68684113,7.4779215,20.0,signal
1.0,71499790.0,7.0,3.0879414,14.0,0.0,-31.453037,1.6891155,6.2077003,12.0,signal
1.0,72482820.0,7.0,3.008332,0.0,0.0,-31.219093,4.185079,0.28000107,16.0,signal
1.0,72613910.0,7.0,2.9977174,26.0,0.0,-31.17291,4.5162168,11.288585,13.0,signal
1.0,72613910.0,7.0,2.9977174,27.0,0.0,-31.17291,4.5162168,11.711991,19.0,signal
1.0,72679450.0,7.0,2.9924102,26.0,0.0,-31.148504,4.681593,11.288585,23.0,signal
1.0,72679450.0,7.0,2.9924102,27.0,0.0,-31.148504,4.681593,11.711991,90.0,signal
1.0,72679460.0,7.0,2.9924102,28.0,0.0,-31.148504,4.681593,12.135399,177.0,signal
1.0,72679460.0,7.0,2.9924102,29.0,0.0,-31.148504,4.681593,12.558805,141.0,signal
1.0,72679460.0,7.0,2.9924102,30.0,0.0,-31.148504,4.681593,12.982213,41.0,signal
1.0,72744984.0,7.0,2.9871027,27.0,0.0,-31.123219,4.8468447,11.711991,23.0,signal
1.0,72744990.0,7.0,2.9871027,28.0,0.0,-31.123219,4.8468447,12.135399,93.0,signal
1.0,72744990.0,7.0,2.9871027,29.0,0.0,-31.123219,4.8468447,12.558805,102.0,signal
1.0,72744990.0,7.0,2.9871027,30.0,0.0,-31.123219,4.8468447,12.982213,37.0,signal
1.0,73793600.0,7.0,2.902186,64.0,0.0,-30.599989,7.46909,27.378054,29.0,noise
1.0,73793600.0,7.0,2.902186,65.0,0.0,-30.599989,7.46909,27.80146,28.0,noise
